{
  "config": {
    "data_dir": "svm_from_gnn",
    "out_dir": "svm_model",
    "test_size": 0.2,
    "val_size": 0.1,
    "random_state": 42,
    "min_pos_train": 5,
    "model_type": "linearsvc",
    "C": 1.0,
    "sgd_alpha": 0.0001,
    "sgd_max_iter": 2000
  },
  "train": {
    "micro_f1": 0.34203148587448784,
    "macro_f1": 0.29360741148800573,
    "micro_precision": 0.7706511175898931,
    "micro_recall": 0.21978935698447893
  },
  "val": {
    "micro_f1": 0.12345679012345678,
    "macro_f1": 0.029028244729878368,
    "micro_precision": 0.2247191011235955,
    "micro_recall": 0.0851063829787234
  },
  "test": {
    "micro_f1": 0.12026726057906459,
    "macro_f1": 0.025657246619734342,
    "micro_precision": 0.3306122448979592,
    "micro_recall": 0.073502722323049
  },
  "N": 629,
  "D": 47,
  "C_original": 200,
  "C_kept": 166
}